
-- Database Backup --
-- Ver. : 1.0.1
-- Host : Server Host
-- Generating Time : Oct 25, 2023 at 09:01:37:AM


CREATE TABLE `bayar` (
  `id_bayar` int(10) NOT NULL AUTO_INCREMENT,
  `id_siswa` int(10) NOT NULL,
  `id_bayar_metode` int(10) NOT NULL,
  `keterangan` text NOT NULL,
  `bukti` varchar(200) NOT NULL,
  `status_verifikasi` varchar(100) NOT NULL,
  `nominal_bayar` int(17) NOT NULL,
  `tanggal_bayar` date NOT NULL,
  `dibuat_pada` datetime NOT NULL DEFAULT current_timestamp(),
  `diubah_pada` datetime NOT NULL DEFAULT current_timestamp(),
  `dihapus_pada` datetime DEFAULT NULL,
  PRIMARY KEY (`id_bayar`)
) ENGINE=InnoDB AUTO_INCREMENT=21 DEFAULT CHARSET=utf8mb4;

INSERT INTO bayar VALUES
("1","15","1","via bni","2023_10_12_05_28_22_cropped-logo-bawah-putih-150x150.png","Sudah Verifikasi","446000","2023-10-12","2023-10-12 11:28:22","2023-10-12 11:28:22",""),
("2","15","1","via bca","2023_10_12_05_37_26_download.jpeg","Sudah Verifikasi","2000000","2023-10-12","2023-10-12 11:37:26","2023-10-12 11:37:26",""),
("3","1","1","-","2023_10_12_05_54_00_apnew.png","Sudah Verifikasi","2000000","2023-10-12","2023-10-12 11:54:00","2023-10-12 11:54:00",""),
("4","15","1","Via Bank BTN","2023_10_17_04_47_28_cropped-logo-bawah-putih-150x150.png","Sudah Verifikasi","500000","2023-10-17","2023-10-17 10:47:28","2023-10-17 10:47:28",""),
("5","3","1",".","2023_10_19_05_28_19_rplnew.png","Sudah Verifikasi","2000000","2023-10-19","2023-10-19 11:28:19","2023-10-19 11:28:19",""),
("6","19","1","-","2023_10_19_05_28_50_house_keeping.jpg","Sudah Verifikasi","1000000","2023-10-23","2023-10-19 11:28:50","2023-10-19 11:28:50",""),
("7","19","1","1","2023_10_19_05_29_30_foto praktek tkc.jpg","Sudah Verifikasi","2000000","2023-10-28","2023-10-19 11:29:30","2023-10-19 11:29:30",""),
("8","4","1","5","2023_10_19_05_30_15_head.png","Sudah Verifikasi","500000","2023-10-31","2023-10-19 11:30:15","2023-10-19 11:30:15",""),
("9","6","1","7","2023_10_19_05_31_19_foto praktek tkc.jpg","Sudah Verifikasi","500000","2023-10-30","2023-10-19 11:31:19","2023-10-19 11:31:19",""),
("10","7","1","o","2023_10_19_05_32_02_tj star.PNG","Sudah Verifikasi","1500000","2023-10-26","2023-10-19 11:32:02","2023-10-19 11:32:02",""),
("11","16","1","d","2023_10_19_05_34_34_tkcnew.png","Sudah Verifikasi","1000000","2023-09-15","2023-10-19 11:34:34","2023-10-19 11:34:34",""),
("12","17","1","j","2023_10_19_05_35_27_jbnew.png","Sudah Verifikasi","500000","2023-09-05","2023-10-19 11:35:27","2023-10-19 11:35:27",""),
("13","13","1","j","2023_10_19_05_36_11_jasa_boga.jpg","Sudah Verifikasi","446000","2023-09-26","2023-10-19 11:36:11","2023-10-19 11:36:11",""),
("14","8","1","3","2023_10_19_05_37_07_logo rohis.jpg","Sudah Verifikasi","2000000","2023-09-05","2023-10-19 11:37:07","2023-10-19 11:37:07",""),
("15","9","1","p","2023_10_19_05_37_48_logo smk tj.jpeg","Sudah Verifikasi","446000","2023-09-14","2023-10-19 11:37:48","2023-10-19 11:37:48",""),
("16","11","1","7","2023_10_19_05_39_19_house_keeping.jpg","Sudah Verifikasi","1000000","2023-09-21","2023-10-19 11:39:19","2023-10-19 11:39:19",""),
("17","14","1","d","2023_10_19_05_41_06_front office.jpg","Sudah Verifikasi","500000","2023-09-07","2023-10-19 11:41:06","2023-10-19 11:41:06",""),
("18","10","1","p","2023_10_19_05_41_41_apnew.png","Sudah Verifikasi","1000000","2023-10-15","2023-10-19 11:41:41","2023-10-19 11:41:41",""),
("19","9","1","a","2023_10_19_05_43_04_tkcnew.png","Sudah Verifikasi","2000000","2023-09-15","2023-10-19 11:43:04","2023-10-19 11:43:04",""),
("20","12","1","p","2023_10_19_05_43_32_tj star.PNG","Sudah Verifikasi","500000","2023-09-10","2023-10-19 11:43:32","2023-10-19 11:43:32","");

CREATE TABLE `bayar_alokasi` (
  `id_bayar_alokasi` int(10) NOT NULL AUTO_INCREMENT,
  `id_bayar` int(10) NOT NULL,
  `id_tagihan` int(10) NOT NULL,
  `total_alokasi` int(17) NOT NULL,
  `dialokasikan_oleh` varchar(100) NOT NULL,
  `dibuat_pada` datetime NOT NULL DEFAULT current_timestamp(),
  `diubah_pada` datetime NOT NULL DEFAULT current_timestamp(),
  `dihapus_pada` datetime DEFAULT NULL,
  PRIMARY KEY (`id_bayar_alokasi`)
) ENGINE=InnoDB AUTO_INCREMENT=48 DEFAULT CHARSET=utf8mb4;

INSERT INTO bayar_alokasi VALUES
("1","1","170","446000","Otomatis Oleh Sistem","2023-10-12 12:01:18","2023-10-12 12:01:18",""),
("2","1","170","446000","Otomatis Oleh Sistem","2023-10-12 12:02:48","2023-10-12 12:02:48",""),
("3","2","171","446000","Otomatis Oleh Sistem","2023-10-13 09:06:27","2023-10-13 09:06:27",""),
("4","2","172","446000","Otomatis Oleh Sistem","2023-10-13 09:06:27","2023-10-13 09:06:27",""),
("5","2","181","1108000","Otomatis Oleh Sistem","2023-10-13 09:06:28","2023-10-13 09:06:28",""),
("6","4","181","500000","Otomatis Oleh Sistem","2023-10-17 10:47:28","2023-10-17 10:47:28",""),
("7","5","14","446000","Otomatis Oleh Sistem","2023-10-19 11:28:20","2023-10-19 11:28:20",""),
("8","5","15","446000","Otomatis Oleh Sistem","2023-10-19 11:28:20","2023-10-19 11:28:20",""),
("9","5","16","446000","Otomatis Oleh Sistem","2023-10-19 11:28:21","2023-10-19 11:28:21",""),
("10","5","25","662000","Otomatis Oleh Sistem","2023-10-19 11:28:21","2023-10-19 11:28:21",""),
("11","6","222","446000","Otomatis Oleh Sistem","2023-10-19 11:28:51","2023-10-19 11:28:51",""),
("12","6","223","446000","Otomatis Oleh Sistem","2023-10-19 11:28:51","2023-10-19 11:28:51",""),
("13","6","224","108000","Otomatis Oleh Sistem","2023-10-19 11:28:51","2023-10-19 11:28:51",""),
("14","7","224","338000","Otomatis Oleh Sistem","2023-10-19 11:29:30","2023-10-19 11:29:30",""),
("15","7","233","1662000","Otomatis Oleh Sistem","2023-10-19 11:29:31","2023-10-19 11:29:31",""),
("16","8","27","446000","Otomatis Oleh Sistem","2023-10-19 11:30:15","2023-10-19 11:30:15",""),
("17","8","28","54000","Otomatis Oleh Sistem","2023-10-19 11:30:16","2023-10-19 11:30:16",""),
("18","9","53","446000","Otomatis Oleh Sistem","2023-10-19 11:31:19","2023-10-19 11:31:19",""),
("19","9","54","54000","Otomatis Oleh Sistem","2023-10-19 11:31:19","2023-10-19 11:31:19",""),
("20","10","66","446000","Otomatis Oleh Sistem","2023-10-19 11:32:02","2023-10-19 11:32:02",""),
("21","10","67","446000","Otomatis Oleh Sistem","2023-10-19 11:32:02","2023-10-19 11:32:02",""),
("22","10","68","446000","Otomatis Oleh Sistem","2023-10-19 11:32:02","2023-10-19 11:32:02",""),
("23","10","77","162000","Otomatis Oleh Sistem","2023-10-19 11:32:02","2023-10-19 11:32:02",""),
("24","11","183","446000","Otomatis Oleh Sistem","2023-10-19 11:34:34","2023-10-19 11:34:34",""),
("25","11","184","446000","Otomatis Oleh Sistem","2023-10-19 11:34:34","2023-10-19 11:34:34",""),
("26","11","185","108000","Otomatis Oleh Sistem","2023-10-19 11:34:34","2023-10-19 11:34:34",""),
("27","12","196","446000","Otomatis Oleh Sistem","2023-10-19 11:35:27","2023-10-19 11:35:27",""),
("28","12","197","54000","Otomatis Oleh Sistem","2023-10-19 11:35:27","2023-10-19 11:35:27",""),
("29","13","144","446000","Otomatis Oleh Sistem","2023-10-19 11:36:11","2023-10-19 11:36:11",""),
("30","14","79","446000","Otomatis Oleh Sistem","2023-10-19 11:37:07","2023-10-19 11:37:07",""),
("31","14","80","446000","Otomatis Oleh Sistem","2023-10-19 11:37:07","2023-10-19 11:37:07",""),
("32","14","81","446000","Otomatis Oleh Sistem","2023-10-19 11:37:07","2023-10-19 11:37:07",""),
("33","14","90","662000","Otomatis Oleh Sistem","2023-10-19 11:37:07","2023-10-19 11:37:07",""),
("34","15","92","446000","Otomatis Oleh Sistem","2023-10-19 11:37:48","2023-10-19 11:37:48",""),
("35","16","118","446000","Otomatis Oleh Sistem","2023-10-19 11:39:19","2023-10-19 11:39:19",""),
("36","16","119","446000","Otomatis Oleh Sistem","2023-10-19 11:39:19","2023-10-19 11:39:19",""),
("37","16","120","108000","Otomatis Oleh Sistem","2023-10-19 11:39:19","2023-10-19 11:39:19",""),
("38","17","157","446000","Otomatis Oleh Sistem","2023-10-19 11:41:06","2023-10-19 11:41:06",""),
("39","17","158","54000","Otomatis Oleh Sistem","2023-10-19 11:41:06","2023-10-19 11:41:06",""),
("40","18","105","446000","Otomatis Oleh Sistem","2023-10-19 11:41:42","2023-10-19 11:41:42",""),
("41","18","106","446000","Otomatis Oleh Sistem","2023-10-19 11:41:42","2023-10-19 11:41:42",""),
("42","18","107","108000","Otomatis Oleh Sistem","2023-10-19 11:41:42","2023-10-19 11:41:42",""),
("43","19","93","446000","Otomatis Oleh Sistem","2023-10-19 11:43:04","2023-10-19 11:43:04",""),
("44","19","94","446000","Otomatis Oleh Sistem","2023-10-19 11:43:04","2023-10-19 11:43:04",""),
("45","19","103","1108000","Otomatis Oleh Sistem","2023-10-19 11:43:04","2023-10-19 11:43:04",""),
("46","20","131","446000","Otomatis Oleh Sistem","2023-10-19 11:43:32","2023-10-19 11:43:32",""),
("47","20","132","54000","Otomatis Oleh Sistem","2023-10-19 11:43:32","2023-10-19 11:43:32","");

CREATE TABLE `bayar_metode` (
  `id_bayar_metode` int(10) NOT NULL AUTO_INCREMENT,
  `metode` varchar(100) NOT NULL,
  `nomor_rekening` varchar(100) NOT NULL,
  `dibuat_pada` datetime NOT NULL DEFAULT current_timestamp(),
  `diubah_pada` datetime NOT NULL DEFAULT current_timestamp(),
  `dihapus_pada` datetime DEFAULT NULL,
  PRIMARY KEY (`id_bayar_metode`)
) ENGINE=InnoDB AUTO_INCREMENT=3 DEFAULT CHARSET=utf8mb4;

INSERT INTO bayar_metode VALUES
("1","Transfer Ke Bank BTN Rekening SMK Triatma Jaya Badung\r\n","00555-0130-0000028","2023-09-19 08:50:52","2023-09-19 08:50:52",""),
("2","Transfer Ke Bank BTN Rekening OSIS SMK Triatma Jaya Badung","00555-0188-0000085","2023-09-19 08:50:52","2023-09-19 08:50:52","");

CREATE TABLE `biaya` (
  `id_biaya` int(10) NOT NULL AUTO_INCREMENT,
  `id_periode` int(10) NOT NULL,
  `deskripsi_biaya` varchar(200) NOT NULL,
  `jumlah_biaya` int(17) NOT NULL,
  `tanggal_jatuh_tempo` date NOT NULL,
  `tingkat` int(2) DEFAULT NULL,
  `id_jurusan` int(10) DEFAULT NULL,
  `dibuat_pada` datetime NOT NULL DEFAULT current_timestamp(),
  `diubah_pada` datetime NOT NULL DEFAULT current_timestamp(),
  `dihapus_pada` datetime DEFAULT NULL,
  PRIMARY KEY (`id_biaya`)
) ENGINE=InnoDB AUTO_INCREMENT=18 DEFAULT CHARSET=utf8mb4;

INSERT INTO biaya VALUES
("4","8","SPP Juli 2023","446000","2023-07-20","12","1","2023-08-30 11:42:44","2023-08-30 11:42:44",""),
("5","8","SPP Agustus 2023","446000","2023-08-20","12","1","2023-08-30 11:43:16","2023-08-30 11:43:16",""),
("6","8","SPP September 2023","446000","2023-09-20","12","1","2023-08-30 11:44:26","2023-08-30 11:44:26",""),
("7","8","SPP Oktober 2023","446000","2023-10-21","12","1","2023-08-30 11:44:53","2023-08-30 11:44:53",""),
("8","8","SPP November 2023","446000","2023-11-20","12","1","2023-08-30 11:45:51","2023-08-30 11:45:51",""),
("9","8","SPP Desember 2023","446000","2023-12-20","12","1","2023-08-30 11:49:54","2023-08-30 11:49:54",""),
("10","8","SPP Januari 2024","446000","2024-01-20","12","1","2023-08-30 11:50:48","2023-08-30 11:50:48",""),
("11","8","SPP Februari 2024","446000","2024-02-20","0","0","2023-08-30 11:51:18","2023-08-30 11:51:18",""),
("12","8","SPP Maret 2024","446000","2024-03-20","12","1","2023-08-30 11:52:12","2023-08-30 11:52:12",""),
("13","8","SPP April 2024","446000","2024-04-20","12","1","2023-08-30 11:52:51","2023-08-30 11:52:51",""),
("14","8","SPP Mei 2024","446000","2024-05-20","12","1","2023-08-30 11:53:26","2023-08-30 11:53:26",""),
("15","8","SPP Juni 2024","446000","2024-06-20","12","1","2023-08-30 11:54:21","2023-08-30 11:54:21",""),
("16","8","Uang Study Tour","2500000","2023-09-22","12","1","2023-08-30 11:55:17","2023-08-30 11:55:17",""),
("17","8","SPP Februari 2024","446000","2024-02-20","12","1","2023-09-27 09:15:51","2023-09-27 09:15:51","");

CREATE TABLE `jurusan` (
  `id_jurusan` int(10) NOT NULL AUTO_INCREMENT,
  `jurusan` varchar(100) NOT NULL,
  `dibuat_pada` datetime NOT NULL DEFAULT current_timestamp(),
  `diubah_pada` datetime NOT NULL DEFAULT current_timestamp(),
  `dihapus_pada` datetime DEFAULT NULL,
  PRIMARY KEY (`id_jurusan`)
) ENGINE=InnoDB AUTO_INCREMENT=5 DEFAULT CHARSET=utf8mb4;

INSERT INTO jurusan VALUES
("1","Pengembangan Perangkat Lunak dan Gim (PPLG)","2023-09-05 08:14:37","2023-09-05 08:14:37",""),
("2","Kecantikan dan Spa","2023-09-05 08:16:18","2023-09-05 08:16:18",""),
("3","Perhotelan","2023-09-05 08:17:06","2023-09-05 08:17:06",""),
("4","Kuliner","2023-09-05 08:17:06","2023-09-05 08:17:06","");

CREATE TABLE `periode` (
  `id_periode` int(1) NOT NULL AUTO_INCREMENT,
  `periode` varchar(100) NOT NULL,
  `tanggal_awal` date NOT NULL,
  `tanggal_akhir` date NOT NULL,
  `dibuat_pada` datetime NOT NULL DEFAULT current_timestamp(),
  `diubah_pada` datetime NOT NULL DEFAULT current_timestamp(),
  `dihapus_pada` datetime DEFAULT NULL,
  PRIMARY KEY (`id_periode`)
) ENGINE=InnoDB AUTO_INCREMENT=18 DEFAULT CHARSET=utf8mb4;

INSERT INTO periode VALUES
("2","Tahun Ajaran 2021/2022","2023-07-01","2023-07-01","2023-07-26 13:05:23","2023-07-26 13:05:23",""),
("7","Tahun Ajaran 2022/2023","2022-07-01","2023-06-30","2023-08-23 09:11:41","2023-08-23 09:11:41",""),
("8","Tahun Ajaran 2023/2024","2023-07-01","2024-06-30","2023-08-23 09:12:36","2023-08-23 09:12:36",""),
("9","Tahun Ajaran 2024/2025","2024-07-01","2025-06-30","2023-08-23 09:13:20","2023-08-23 09:13:20","");

CREATE TABLE `siswa` (
  `id_siswa` int(10) NOT NULL AUTO_INCREMENT,
  `nis` varchar(20) NOT NULL,
  `nama` varchar(200) NOT NULL,
  `kelas` varchar(50) NOT NULL,
  `tingkat` int(2) NOT NULL,
  `id_jurusan` int(10) NOT NULL,
  `alamat` text NOT NULL,
  `no_hp` varchar(25) NOT NULL,
  `email` varchar(50) NOT NULL,
  `dibuat_pada` datetime NOT NULL DEFAULT current_timestamp(),
  `diubah_pada` datetime NOT NULL DEFAULT current_timestamp(),
  `dihapus_pada` datetime DEFAULT NULL,
  PRIMARY KEY (`id_siswa`)
) ENGINE=InnoDB AUTO_INCREMENT=35 DEFAULT CHARSET=utf8mb4;

INSERT INTO siswa VALUES
("1","4950","ALINE SYAHFITRI","12 PPLG","12","1","Jalan Tunjung 1 No.7","081805594344","test@gmail.com","2023-08-23 12:51:36","2023-08-23 12:51:36",""),
("3","4951","BEZALIEL CAHYA YEHUDA","12 PPLG","12","1"," Jalan Gunung Andakasa, Gang Matahari No. 1A","085738055323","test@gmail.com","2023-08-23 12:53:30","2023-08-23 12:53:30",""),
("4","4952","FIBRI WILIANA PUTRI","12 PPLG","12","1","Perumahan Kuwum, Jalan Graha Asri 1 No. 19, Marga, Tabanan","081339682031","fodo040201@gmail.com","2023-08-23 12:54:59","2023-08-23 12:54:59",""),
("5","4953","GEDE ANDI PERAYOGA","12 PPLG","12","1","Jalan Raya Anyar Kaja, No. 16","087860635630","gedeperayoga@gmail.com","2023-08-23 13:05:08","2023-08-23 13:05:08",""),
("6","4954","I GEDE ERIK FUGIANTO LILA","12 PPLG","12","1","kostan deket sekolah","085973912032","test@gmail.com","2023-08-23 13:13:38","2023-08-23 13:13:38",""),
("7","4955","I PUTU ARYA ADY SUSESA","12 PPLG","12","1","Jalan Padma Utara No. 524","089661718111","test@gmail.com","2023-09-04 21:42:31","2023-09-04 21:42:31",""),
("8","4956","KOMANG RISMA TRI PRADNYANI","12 PPLG","12","1","Dalung Permai, Banjar Tegal Sari","085792958529","pradonlyrsma@gmail.com","2023-09-04 21:45:17","2023-09-04 21:45:17",""),
("9","4957","MAGDALENA FEBIAYU KANTUR","12 PPLG","12","1","Jalan Abianbase","081246401384","test@gmail.com","2023-09-04 21:46:21","2023-09-04 21:46:21",""),
("10","4958","NASYWA RAMADHANI","12 PPLG","12","1","Jalan Merpati Gang Jalak Bali No. 12 A Monang-maning","085857972058","rnasywa321@gmail.com","2023-09-04 21:55:55","2023-09-04 21:55:55",""),
("11","4959","NI KADEK DWI SWANDEWI","12 PPLG","12","1","Banjar Kulibul Kawan, Tibubeneng","087860052445","test@gmail.com","2023-09-04 22:01:27","2023-09-04 22:01:27",""),
("12","4960","NI KADEK NINA ANTARI","12 PPLG","12","1","Jalan Raya Kapal","08985337373","kadekninaantari@gmail.com","2023-09-05 10:54:14","2023-09-05 10:54:14",""),
("13","4961","NI LUH CHELSEA WIDYADARI","12 PPLG","12","1","Tibubeneng Canggu","087734632004","test@gmail.com","2023-09-05 12:00:10","2023-09-05 12:00:10",""),
("14","4962","NI LUH PUTU DIAH MARTIANI","12 PPLG","12","1","Dalung Permai, Banjar Blubuh Sari","0895394536866","piscesgim@gmail.com","2023-09-05 12:01:38","2023-09-05 12:01:38",""),
("15","4963","NI PUTU NIA PRADNYA OKTAVIANI","12 PPLG","12","1","banjar dukuh, desa beraban, kecamatan kediri, kabupaten tabanan","089508466041","niaapradnyaanipt@gmail.com","2023-09-05 12:02:23","2023-09-05 12:02:23",""),
("16","4964","WILLIAMS JACOBUS FELANUEL","12 PPLG","12","1","Pesona Dalung Permai IV No. 13","0817913625","willyferrari09@gmail.com","2023-09-05 12:04:46","2023-09-05 12:04:46",""),
("17","4965","ZAID ASSYA YUDAH","12 PPLG","12","1","Jalan Tegal Dukuh Selatan","085738910245","test@gmail.com","2023-09-05 12:06:05","2023-09-05 12:06:05",""),
("18","4966","DEWA MADE MARTHA ABIMAYU","12 PPLG","12","1","Belakang Kolam Renang Tirta Bayu","085738014582","test@gmail.com","2023-09-05 12:07:29","2023-09-05 12:07:29",""),
("19","4967","FERRELL FEIVEL","12 PPLG","12","1","Gang Pura Demak  2 No. 25","081239182412","fuu.kze.01@gmail.com","2023-09-05 12:10:14","2023-09-05 12:10:14",""),
("20","1234","ARISTA SHANDY SATRIA","12 PH 1","12","3","dalung","0987654321","test@gmail.com","2023-09-12 09:13:00","2023-09-12 09:13:00",""),
("21","1234","NI LUH GEDE PUSPA DEWI","12 PH 1","12","3","banjar dukuh, desa beraban, kecamatan kediri, kabupaten tabanan","0987654321","test@gmail.com","2023-09-12 09:14:23","2023-09-12 09:14:23",""),
("22","1234","NI NYOMAN DESINTA MAHARANI","12 PH 1","12","3","denpasar","0987654321","test@gmail.com","2023-09-12 09:15:10","2023-09-12 09:15:10",""),
("23","1234","NI PUTU SRI DEVINA MAYUNI","12 PH 2","12","3","dalung","0987654321","test@gmail.com","2023-09-12 09:15:58","2023-09-12 09:15:58",""),
("24","1234","IDA BAGUS MADE PRADNYANA KUSUMA","12 PH","12","3","tabanan","0987654321","test@gmail.com","2023-09-12 09:16:54","2023-09-12 09:16:54",""),
("25","1234","NI PUTU REGITA PUTRI ARYATI","12 KULINER 1","12","4","banjar dukuh, desa beraban, kecamatan kediri, kabupaten tabanan","0987654321","test@gmail.com","2023-09-12 09:18:00","2023-09-12 09:18:00",""),
("26","1234","PUTU BAGUS WELLSON CHRISAPUTRA J","12 KULINER 1","12","4","dalung","0987654321","test@gmail.com","2023-09-12 09:18:53","2023-09-12 09:18:53",""),
("27","1234","PATRICIA ANGELICA CAHYA AMANDA","12 KULINER 2","12","4","canggu","0987654321","test@gmail.com","2023-09-12 09:19:30","2023-09-12 09:19:30",""),
("28","1234","ALVON KARIDO PRATAMA","12 KULINER 2","12","4","cemagi","0987654321","test@gmail.com","2023-09-12 09:20:05","2023-09-12 09:20:05",""),
("29","1234","ANAK AGUNG GANGGA PRANHAGARI","12 KULINER 3","12","4","badung","0987654321","test@gmail.com","2023-09-12 09:20:56","2023-09-12 09:20:56",""),
("30","1234","CRISTIN OKTAVIANI","12 TKC","12","2","denpasar","0987654321","test@gmail.com","2023-09-12 09:23:50","2023-09-12 09:23:50",""),
("31","1234","PUTU AGUNG DIAH GITA GAYATRI","12 TKC","12","2","tabanan","0987654321","test@gmail.com","2023-09-12 09:25:14","2023-09-12 09:25:14",""),
("32","1234","KOMANG MAENA DEFITRI MULIATI","12 TKC","12","2","dalung","0987654321","test@gmail.com","2023-09-12 09:26:19","2023-09-12 09:26:19",""),
("33","1234","MERRY KUSUMA ANDRIANI","12 TKC","12","2","denpasar","0987654321","test@gmail.com","2023-09-12 09:27:10","2023-09-12 09:27:10",""),
("34","1234","NI LUH SUKRI WAHYUNI","12 TKC","12","2","buleleng","0987654321","test@gmail.com","2023-09-12 09:28:16","2023-09-12 09:28:16","");

CREATE TABLE `tagihan` (
  `id_tagihan` int(10) NOT NULL AUTO_INCREMENT,
  `id_biaya` int(10) NOT NULL,
  `id_siswa` int(10) NOT NULL,
  `kelas` varchar(50) NOT NULL,
  `keterangan` varchar(200) NOT NULL,
  `potongan` int(20) NOT NULL DEFAULT 0,
  `total_terbayar` int(20) NOT NULL DEFAULT 0,
  `dibuat_pada` datetime NOT NULL DEFAULT current_timestamp(),
  `diubah_pada` datetime NOT NULL DEFAULT current_timestamp(),
  `dihapus_pada` datetime DEFAULT NULL,
  PRIMARY KEY (`id_tagihan`)
) ENGINE=InnoDB AUTO_INCREMENT=235 DEFAULT CHARSET=utf8mb4;

INSERT INTO tagihan VALUES
("1","4","1","12 PPLG","","0","446000","2023-10-12 11:27:03","2023-10-12 11:27:03",""),
("2","5","1","12 PPLG","","0","446000","2023-10-12 11:27:03","2023-10-12 11:27:03",""),
("3","6","1","12 PPLG","","0","446000","2023-10-12 11:27:03","2023-10-12 11:27:03",""),
("4","7","1","12 PPLG","","0","0","2023-10-12 11:27:03","2023-10-12 11:27:03",""),
("5","8","1","12 PPLG","","0","0","2023-10-12 11:27:03","2023-10-12 11:27:03",""),
("6","9","1","12 PPLG","","0","0","2023-10-12 11:27:03","2023-10-12 11:27:03",""),
("7","10","1","12 PPLG","","0","0","2023-10-12 11:27:03","2023-10-12 11:27:03",""),
("8","12","1","12 PPLG","","0","0","2023-10-12 11:27:03","2023-10-12 11:27:03",""),
("9","13","1","12 PPLG","","0","0","2023-10-12 11:27:03","2023-10-12 11:27:03",""),
("10","14","1","12 PPLG","","0","0","2023-10-12 11:27:03","2023-10-12 11:27:03",""),
("11","15","1","12 PPLG","","0","0","2023-10-12 11:27:04","2023-10-12 11:27:04",""),
("12","16","1","12 PPLG","","0","892000","2023-10-12 11:27:04","2023-10-12 11:27:04",""),
("13","17","1","12 PPLG","","0","0","2023-10-12 11:27:04","2023-10-12 11:27:04",""),
("14","4","3","12 PPLG","","0","446000","2023-10-12 11:27:04","2023-10-12 11:27:04",""),
("15","5","3","12 PPLG","","0","446000","2023-10-12 11:27:04","2023-10-12 11:27:04",""),
("16","6","3","12 PPLG","","0","446000","2023-10-12 11:27:04","2023-10-12 11:27:04",""),
("17","7","3","12 PPLG","","0","0","2023-10-12 11:27:04","2023-10-12 11:27:04",""),
("18","8","3","12 PPLG","","0","0","2023-10-12 11:27:04","2023-10-12 11:27:04",""),
("19","9","3","12 PPLG","","0","0","2023-10-12 11:27:04","2023-10-12 11:27:04",""),
("20","10","3","12 PPLG","","0","0","2023-10-12 11:27:04","2023-10-12 11:27:04",""),
("21","12","3","12 PPLG","","0","0","2023-10-12 11:27:04","2023-10-12 11:27:04",""),
("22","13","3","12 PPLG","","0","0","2023-10-12 11:27:04","2023-10-12 11:27:04",""),
("23","14","3","12 PPLG","","0","0","2023-10-12 11:27:04","2023-10-12 11:27:04",""),
("24","15","3","12 PPLG","","0","0","2023-10-12 11:27:04","2023-10-12 11:27:04",""),
("25","16","3","12 PPLG","","0","662000","2023-10-12 11:27:04","2023-10-12 11:27:04",""),
("26","17","3","12 PPLG","","0","0","2023-10-12 11:27:04","2023-10-12 11:27:04",""),
("27","4","4","12 PPLG","","0","446000","2023-10-12 11:27:04","2023-10-12 11:27:04",""),
("28","5","4","12 PPLG","","0","54000","2023-10-12 11:27:05","2023-10-12 11:27:05",""),
("29","6","4","12 PPLG","","0","0","2023-10-12 11:27:05","2023-10-12 11:27:05",""),
("30","7","4","12 PPLG","","0","0","2023-10-12 11:27:05","2023-10-12 11:27:05",""),
("31","8","4","12 PPLG","","0","0","2023-10-12 11:27:05","2023-10-12 11:27:05",""),
("32","9","4","12 PPLG","","0","0","2023-10-12 11:27:05","2023-10-12 11:27:05",""),
("33","10","4","12 PPLG","","0","0","2023-10-12 11:27:05","2023-10-12 11:27:05",""),
("34","12","4","12 PPLG","","0","0","2023-10-12 11:27:05","2023-10-12 11:27:05",""),
("35","13","4","12 PPLG","","0","0","2023-10-12 11:27:05","2023-10-12 11:27:05",""),
("36","14","4","12 PPLG","","0","0","2023-10-12 11:27:05","2023-10-12 11:27:05",""),
("37","15","4","12 PPLG","","0","0","2023-10-12 11:27:05","2023-10-12 11:27:05",""),
("38","16","4","12 PPLG","","0","0","2023-10-12 11:27:05","2023-10-12 11:27:05",""),
("39","17","4","12 PPLG","","0","0","2023-10-12 11:27:05","2023-10-12 11:27:05",""),
("40","4","5","12 PPLG","","0","0","2023-10-12 11:27:05","2023-10-12 11:27:05",""),
("41","5","5","12 PPLG","","0","0","2023-10-12 11:27:05","2023-10-12 11:27:05",""),
("42","6","5","12 PPLG","","0","0","2023-10-12 11:27:05","2023-10-12 11:27:05",""),
("43","7","5","12 PPLG","","0","0","2023-10-12 11:27:05","2023-10-12 11:27:05",""),
("44","8","5","12 PPLG","","0","0","2023-10-12 11:27:05","2023-10-12 11:27:05",""),
("45","9","5","12 PPLG","","0","0","2023-10-12 11:27:05","2023-10-12 11:27:05",""),
("46","10","5","12 PPLG","","0","0","2023-10-12 11:27:05","2023-10-12 11:27:05",""),
("47","12","5","12 PPLG","","0","0","2023-10-12 11:27:05","2023-10-12 11:27:05",""),
("48","13","5","12 PPLG","","0","0","2023-10-12 11:27:06","2023-10-12 11:27:06",""),
("49","14","5","12 PPLG","","0","0","2023-10-12 11:27:06","2023-10-12 11:27:06",""),
("50","15","5","12 PPLG","","0","0","2023-10-12 11:27:06","2023-10-12 11:27:06",""),
("51","16","5","12 PPLG","","0","0","2023-10-12 11:27:06","2023-10-12 11:27:06",""),
("52","17","5","12 PPLG","","0","0","2023-10-12 11:27:06","2023-10-12 11:27:06",""),
("53","4","6","12 PPLG","","0","446000","2023-10-12 11:27:06","2023-10-12 11:27:06",""),
("54","5","6","12 PPLG","","0","54000","2023-10-12 11:27:06","2023-10-12 11:27:06",""),
("55","6","6","12 PPLG","","0","0","2023-10-12 11:27:06","2023-10-12 11:27:06",""),
("56","7","6","12 PPLG","","0","0","2023-10-12 11:27:06","2023-10-12 11:27:06",""),
("57","8","6","12 PPLG","","0","0","2023-10-12 11:27:06","2023-10-12 11:27:06",""),
("58","9","6","12 PPLG","","0","0","2023-10-12 11:27:06","2023-10-12 11:27:06",""),
("59","10","6","12 PPLG","","0","0","2023-10-12 11:27:06","2023-10-12 11:27:06",""),
("60","12","6","12 PPLG","","0","0","2023-10-12 11:27:06","2023-10-12 11:27:06",""),
("61","13","6","12 PPLG","","0","0","2023-10-12 11:27:06","2023-10-12 11:27:06",""),
("62","14","6","12 PPLG","","0","0","2023-10-12 11:27:06","2023-10-12 11:27:06",""),
("63","15","6","12 PPLG","","0","0","2023-10-12 11:27:06","2023-10-12 11:27:06",""),
("64","16","6","12 PPLG","","0","0","2023-10-12 11:27:06","2023-10-12 11:27:06",""),
("65","17","6","12 PPLG","","0","0","2023-10-12 11:27:06","2023-10-12 11:27:06",""),
("66","4","7","12 PPLG","","0","446000","2023-10-12 11:27:06","2023-10-12 11:27:06",""),
("67","5","7","12 PPLG","","0","446000","2023-10-12 11:27:06","2023-10-12 11:27:06",""),
("68","6","7","12 PPLG","","0","446000","2023-10-12 11:27:06","2023-10-12 11:27:06",""),
("69","7","7","12 PPLG","","0","0","2023-10-12 11:27:06","2023-10-12 11:27:06",""),
("70","8","7","12 PPLG","","0","0","2023-10-12 11:27:06","2023-10-12 11:27:06",""),
("71","9","7","12 PPLG","","0","0","2023-10-12 11:27:06","2023-10-12 11:27:06",""),
("72","10","7","12 PPLG","","0","0","2023-10-12 11:27:06","2023-10-12 11:27:06",""),
("73","12","7","12 PPLG","","0","0","2023-10-12 11:27:07","2023-10-12 11:27:07",""),
("74","13","7","12 PPLG","","0","0","2023-10-12 11:27:07","2023-10-12 11:27:07",""),
("75","14","7","12 PPLG","","0","0","2023-10-12 11:27:07","2023-10-12 11:27:07",""),
("76","15","7","12 PPLG","","0","0","2023-10-12 11:27:07","2023-10-12 11:27:07",""),
("77","16","7","12 PPLG","","0","162000","2023-10-12 11:27:07","2023-10-12 11:27:07",""),
("78","17","7","12 PPLG","","0","0","2023-10-12 11:27:07","2023-10-12 11:27:07",""),
("79","4","8","12 PPLG","","0","446000","2023-10-12 11:27:07","2023-10-12 11:27:07",""),
("80","5","8","12 PPLG","","0","446000","2023-10-12 11:27:07","2023-10-12 11:27:07",""),
("81","6","8","12 PPLG","","0","446000","2023-10-12 11:27:07","2023-10-12 11:27:07",""),
("82","7","8","12 PPLG","","0","0","2023-10-12 11:27:07","2023-10-12 11:27:07",""),
("83","8","8","12 PPLG","","0","0","2023-10-12 11:27:07","2023-10-12 11:27:07",""),
("84","9","8","12 PPLG","","0","0","2023-10-12 11:27:07","2023-10-12 11:27:07",""),
("85","10","8","12 PPLG","","0","0","2023-10-12 11:27:07","2023-10-12 11:27:07",""),
("86","12","8","12 PPLG","","0","0","2023-10-12 11:27:07","2023-10-12 11:27:07",""),
("87","13","8","12 PPLG","","0","0","2023-10-12 11:27:07","2023-10-12 11:27:07",""),
("88","14","8","12 PPLG","","0","0","2023-10-12 11:27:07","2023-10-12 11:27:07",""),
("89","15","8","12 PPLG","","0","0","2023-10-12 11:27:07","2023-10-12 11:27:07",""),
("90","16","8","12 PPLG","","0","662000","2023-10-12 11:27:07","2023-10-12 11:27:07",""),
("91","17","8","12 PPLG","","0","0","2023-10-12 11:27:07","2023-10-12 11:27:07",""),
("92","4","9","12 PPLG","","0","446000","2023-10-12 11:27:07","2023-10-12 11:27:07",""),
("93","5","9","12 PPLG","","0","446000","2023-10-12 11:27:07","2023-10-12 11:27:07",""),
("94","6","9","12 PPLG","","0","446000","2023-10-12 11:27:07","2023-10-12 11:27:07",""),
("95","7","9","12 PPLG","","0","0","2023-10-12 11:27:07","2023-10-12 11:27:07",""),
("96","8","9","12 PPLG","","0","0","2023-10-12 11:27:07","2023-10-12 11:27:07",""),
("97","9","9","12 PPLG","","0","0","2023-10-12 11:27:07","2023-10-12 11:27:07",""),
("98","10","9","12 PPLG","","0","0","2023-10-12 11:27:07","2023-10-12 11:27:07",""),
("99","12","9","12 PPLG","","0","0","2023-10-12 11:27:07","2023-10-12 11:27:07",""),
("100","13","9","12 PPLG","","0","0","2023-10-12 11:27:07","2023-10-12 11:27:07","");
INSERT INTO tagihan VALUES
("101","14","9","12 PPLG","","0","0","2023-10-12 11:27:07","2023-10-12 11:27:07",""),
("102","15","9","12 PPLG","","0","0","2023-10-12 11:27:07","2023-10-12 11:27:07",""),
("103","16","9","12 PPLG","","0","1108000","2023-10-12 11:27:08","2023-10-12 11:27:08",""),
("104","17","9","12 PPLG","","0","0","2023-10-12 11:27:08","2023-10-12 11:27:08",""),
("105","4","10","12 PPLG","","0","446000","2023-10-12 11:27:08","2023-10-12 11:27:08",""),
("106","5","10","12 PPLG","","0","446000","2023-10-12 11:27:08","2023-10-12 11:27:08",""),
("107","6","10","12 PPLG","","0","108000","2023-10-12 11:27:08","2023-10-12 11:27:08",""),
("108","7","10","12 PPLG","","0","0","2023-10-12 11:27:08","2023-10-12 11:27:08",""),
("109","8","10","12 PPLG","","0","0","2023-10-12 11:27:08","2023-10-12 11:27:08",""),
("110","9","10","12 PPLG","","0","0","2023-10-12 11:27:08","2023-10-12 11:27:08",""),
("111","10","10","12 PPLG","","0","0","2023-10-12 11:27:08","2023-10-12 11:27:08",""),
("112","12","10","12 PPLG","","0","0","2023-10-12 11:27:08","2023-10-12 11:27:08",""),
("113","13","10","12 PPLG","","0","0","2023-10-12 11:27:08","2023-10-12 11:27:08",""),
("114","14","10","12 PPLG","","0","0","2023-10-12 11:27:08","2023-10-12 11:27:08",""),
("115","15","10","12 PPLG","","0","0","2023-10-12 11:27:08","2023-10-12 11:27:08",""),
("116","16","10","12 PPLG","","0","0","2023-10-12 11:27:08","2023-10-12 11:27:08",""),
("117","17","10","12 PPLG","","0","0","2023-10-12 11:27:08","2023-10-12 11:27:08",""),
("118","4","11","12 PPLG","","0","446000","2023-10-12 11:27:08","2023-10-12 11:27:08",""),
("119","5","11","12 PPLG","","0","446000","2023-10-12 11:27:08","2023-10-12 11:27:08",""),
("120","6","11","12 PPLG","","0","108000","2023-10-12 11:27:08","2023-10-12 11:27:08",""),
("121","7","11","12 PPLG","","0","0","2023-10-12 11:27:08","2023-10-12 11:27:08",""),
("122","8","11","12 PPLG","","0","0","2023-10-12 11:27:08","2023-10-12 11:27:08",""),
("123","9","11","12 PPLG","","0","0","2023-10-12 11:27:08","2023-10-12 11:27:08",""),
("124","10","11","12 PPLG","","0","0","2023-10-12 11:27:08","2023-10-12 11:27:08",""),
("125","12","11","12 PPLG","","0","0","2023-10-12 11:27:08","2023-10-12 11:27:08",""),
("126","13","11","12 PPLG","","0","0","2023-10-12 11:27:09","2023-10-12 11:27:09",""),
("127","14","11","12 PPLG","","0","0","2023-10-12 11:27:09","2023-10-12 11:27:09",""),
("128","15","11","12 PPLG","","0","0","2023-10-12 11:27:09","2023-10-12 11:27:09",""),
("129","16","11","12 PPLG","","0","0","2023-10-12 11:27:09","2023-10-12 11:27:09",""),
("130","17","11","12 PPLG","","0","0","2023-10-12 11:27:09","2023-10-12 11:27:09",""),
("131","4","12","12 PPLG","","0","446000","2023-10-12 11:27:09","2023-10-12 11:27:09",""),
("132","5","12","12 PPLG","","0","54000","2023-10-12 11:27:09","2023-10-12 11:27:09",""),
("133","6","12","12 PPLG","","0","0","2023-10-12 11:27:09","2023-10-12 11:27:09",""),
("134","7","12","12 PPLG","","0","0","2023-10-12 11:27:09","2023-10-12 11:27:09",""),
("135","8","12","12 PPLG","","0","0","2023-10-12 11:27:09","2023-10-12 11:27:09",""),
("136","9","12","12 PPLG","","0","0","2023-10-12 11:27:09","2023-10-12 11:27:09",""),
("137","10","12","12 PPLG","","0","0","2023-10-12 11:27:09","2023-10-12 11:27:09",""),
("138","12","12","12 PPLG","","0","0","2023-10-12 11:27:09","2023-10-12 11:27:09",""),
("139","13","12","12 PPLG","","0","0","2023-10-12 11:27:09","2023-10-12 11:27:09",""),
("140","14","12","12 PPLG","","0","0","2023-10-12 11:27:09","2023-10-12 11:27:09",""),
("141","15","12","12 PPLG","","0","0","2023-10-12 11:27:09","2023-10-12 11:27:09",""),
("142","16","12","12 PPLG","","0","0","2023-10-12 11:27:09","2023-10-12 11:27:09",""),
("143","17","12","12 PPLG","","0","0","2023-10-12 11:27:09","2023-10-12 11:27:09",""),
("144","4","13","12 PPLG","","0","446000","2023-10-12 11:27:09","2023-10-12 11:27:09",""),
("145","5","13","12 PPLG","","0","0","2023-10-12 11:27:09","2023-10-12 11:27:09",""),
("146","6","13","12 PPLG","","0","0","2023-10-12 11:27:09","2023-10-12 11:27:09",""),
("147","7","13","12 PPLG","","0","0","2023-10-12 11:27:09","2023-10-12 11:27:09",""),
("148","8","13","12 PPLG","","0","0","2023-10-12 11:27:10","2023-10-12 11:27:10",""),
("149","9","13","12 PPLG","","0","0","2023-10-12 11:27:10","2023-10-12 11:27:10",""),
("150","10","13","12 PPLG","","0","0","2023-10-12 11:27:10","2023-10-12 11:27:10",""),
("151","12","13","12 PPLG","","0","0","2023-10-12 11:27:10","2023-10-12 11:27:10",""),
("152","13","13","12 PPLG","","0","0","2023-10-12 11:27:10","2023-10-12 11:27:10",""),
("153","14","13","12 PPLG","","0","0","2023-10-12 11:27:10","2023-10-12 11:27:10",""),
("154","15","13","12 PPLG","","0","0","2023-10-12 11:27:10","2023-10-12 11:27:10",""),
("155","16","13","12 PPLG","","0","0","2023-10-12 11:27:10","2023-10-12 11:27:10",""),
("156","17","13","12 PPLG","","0","0","2023-10-12 11:27:10","2023-10-12 11:27:10",""),
("157","4","14","12 PPLG","","0","446000","2023-10-12 11:27:10","2023-10-12 11:27:10",""),
("158","5","14","12 PPLG","","0","54000","2023-10-12 11:27:10","2023-10-12 11:27:10",""),
("159","6","14","12 PPLG","","0","0","2023-10-12 11:27:10","2023-10-12 11:27:10",""),
("160","7","14","12 PPLG","","0","0","2023-10-12 11:27:10","2023-10-12 11:27:10",""),
("161","8","14","12 PPLG","","0","0","2023-10-12 11:27:10","2023-10-12 11:27:10",""),
("162","9","14","12 PPLG","","0","0","2023-10-12 11:27:10","2023-10-12 11:27:10",""),
("163","10","14","12 PPLG","","0","0","2023-10-12 11:27:10","2023-10-12 11:27:10",""),
("164","12","14","12 PPLG","","0","0","2023-10-12 11:27:10","2023-10-12 11:27:10",""),
("165","13","14","12 PPLG","","0","0","2023-10-12 11:27:10","2023-10-12 11:27:10",""),
("166","14","14","12 PPLG","","0","0","2023-10-12 11:27:10","2023-10-12 11:27:10",""),
("167","15","14","12 PPLG","","0","0","2023-10-12 11:27:10","2023-10-12 11:27:10",""),
("168","16","14","12 PPLG","","0","0","2023-10-12 11:27:10","2023-10-12 11:27:10",""),
("169","17","14","12 PPLG","","0","0","2023-10-12 11:27:10","2023-10-12 11:27:10",""),
("170","4","15","12 PPLG","","0","446000","2023-10-12 11:27:11","2023-10-12 11:27:11",""),
("171","5","15","12 PPLG","","0","446000","2023-10-12 11:27:11","2023-10-12 11:27:11",""),
("172","6","15","12 PPLG","","0","446000","2023-10-12 11:27:11","2023-10-12 11:27:11",""),
("173","7","15","12 PPLG","","0","0","2023-10-12 11:27:11","2023-10-12 11:27:11",""),
("174","8","15","12 PPLG","","0","0","2023-10-12 11:27:11","2023-10-12 11:27:11",""),
("175","9","15","12 PPLG","","0","0","2023-10-12 11:27:11","2023-10-12 11:27:11",""),
("176","10","15","12 PPLG","","0","0","2023-10-12 11:27:11","2023-10-12 11:27:11",""),
("177","12","15","12 PPLG","","0","0","2023-10-12 11:27:11","2023-10-12 11:27:11",""),
("178","13","15","12 PPLG","","0","0","2023-10-12 11:27:11","2023-10-12 11:27:11",""),
("179","14","15","12 PPLG","","0","0","2023-10-12 11:27:11","2023-10-12 11:27:11",""),
("180","15","15","12 PPLG","","0","0","2023-10-12 11:27:11","2023-10-12 11:27:11",""),
("181","16","15","12 PPLG","","0","1608000","2023-10-12 11:27:11","2023-10-12 11:27:11",""),
("182","17","15","12 PPLG","","0","0","2023-10-12 11:27:11","2023-10-12 11:27:11",""),
("183","4","16","12 PPLG","","0","446000","2023-10-12 11:27:11","2023-10-12 11:27:11",""),
("184","5","16","12 PPLG","","0","446000","2023-10-12 11:27:11","2023-10-12 11:27:11",""),
("185","6","16","12 PPLG","","0","108000","2023-10-12 11:27:11","2023-10-12 11:27:11",""),
("186","7","16","12 PPLG","","0","0","2023-10-12 11:27:11","2023-10-12 11:27:11",""),
("187","8","16","12 PPLG","","0","0","2023-10-12 11:27:11","2023-10-12 11:27:11",""),
("188","9","16","12 PPLG","","0","0","2023-10-12 11:27:11","2023-10-12 11:27:11",""),
("189","10","16","12 PPLG","","0","0","2023-10-12 11:27:11","2023-10-12 11:27:11",""),
("190","12","16","12 PPLG","","0","0","2023-10-12 11:27:11","2023-10-12 11:27:11",""),
("191","13","16","12 PPLG","","0","0","2023-10-12 11:27:11","2023-10-12 11:27:11",""),
("192","14","16","12 PPLG","","0","0","2023-10-12 11:27:12","2023-10-12 11:27:12",""),
("193","15","16","12 PPLG","","0","0","2023-10-12 11:27:12","2023-10-12 11:27:12",""),
("194","16","16","12 PPLG","","0","0","2023-10-12 11:27:12","2023-10-12 11:27:12",""),
("195","17","16","12 PPLG","","0","0","2023-10-12 11:27:12","2023-10-12 11:27:12",""),
("196","4","17","12 PPLG","","0","446000","2023-10-12 11:27:12","2023-10-12 11:27:12",""),
("197","5","17","12 PPLG","","0","54000","2023-10-12 11:27:12","2023-10-12 11:27:12",""),
("198","6","17","12 PPLG","","0","0","2023-10-12 11:27:12","2023-10-12 11:27:12",""),
("199","7","17","12 PPLG","","0","0","2023-10-12 11:27:12","2023-10-12 11:27:12",""),
("200","8","17","12 PPLG","","0","0","2023-10-12 11:27:12","2023-10-12 11:27:12","");
INSERT INTO tagihan VALUES
("201","9","17","12 PPLG","","0","0","2023-10-12 11:27:12","2023-10-12 11:27:12",""),
("202","10","17","12 PPLG","","0","0","2023-10-12 11:27:12","2023-10-12 11:27:12",""),
("203","12","17","12 PPLG","","0","0","2023-10-12 11:27:12","2023-10-12 11:27:12",""),
("204","13","17","12 PPLG","","0","0","2023-10-12 11:27:12","2023-10-12 11:27:12",""),
("205","14","17","12 PPLG","","0","0","2023-10-12 11:27:12","2023-10-12 11:27:12",""),
("206","15","17","12 PPLG","","0","0","2023-10-12 11:27:12","2023-10-12 11:27:12",""),
("207","16","17","12 PPLG","","0","0","2023-10-12 11:27:12","2023-10-12 11:27:12",""),
("208","17","17","12 PPLG","","0","0","2023-10-12 11:27:12","2023-10-12 11:27:12",""),
("209","4","18","12 PPLG","","0","0","2023-10-12 11:27:12","2023-10-12 11:27:12",""),
("210","5","18","12 PPLG","","0","0","2023-10-12 11:27:12","2023-10-12 11:27:12",""),
("211","6","18","12 PPLG","","0","0","2023-10-12 11:27:12","2023-10-12 11:27:12",""),
("212","7","18","12 PPLG","","0","0","2023-10-12 11:27:12","2023-10-12 11:27:12",""),
("213","8","18","12 PPLG","","0","0","2023-10-12 11:27:13","2023-10-12 11:27:13",""),
("214","9","18","12 PPLG","","0","0","2023-10-12 11:27:13","2023-10-12 11:27:13",""),
("215","10","18","12 PPLG","","0","0","2023-10-12 11:27:13","2023-10-12 11:27:13",""),
("216","12","18","12 PPLG","","0","0","2023-10-12 11:27:13","2023-10-12 11:27:13",""),
("217","13","18","12 PPLG","","0","0","2023-10-12 11:27:13","2023-10-12 11:27:13",""),
("218","14","18","12 PPLG","","0","0","2023-10-12 11:27:13","2023-10-12 11:27:13",""),
("219","15","18","12 PPLG","","0","0","2023-10-12 11:27:13","2023-10-12 11:27:13",""),
("220","16","18","12 PPLG","","0","0","2023-10-12 11:27:13","2023-10-12 11:27:13",""),
("221","17","18","12 PPLG","","0","0","2023-10-12 11:27:13","2023-10-12 11:27:13",""),
("222","4","19","12 PPLG","","0","446000","2023-10-12 11:27:13","2023-10-12 11:27:13",""),
("223","5","19","12 PPLG","","0","446000","2023-10-12 11:27:13","2023-10-12 11:27:13",""),
("224","6","19","12 PPLG","","0","446000","2023-10-12 11:27:13","2023-10-12 11:27:13",""),
("225","7","19","12 PPLG","","0","0","2023-10-12 11:27:13","2023-10-12 11:27:13",""),
("226","8","19","12 PPLG","","0","0","2023-10-12 11:27:13","2023-10-12 11:27:13",""),
("227","9","19","12 PPLG","","0","0","2023-10-12 11:27:13","2023-10-12 11:27:13",""),
("228","10","19","12 PPLG","","0","0","2023-10-12 11:27:13","2023-10-12 11:27:13",""),
("229","12","19","12 PPLG","","0","0","2023-10-12 11:27:13","2023-10-12 11:27:13",""),
("230","13","19","12 PPLG","","0","0","2023-10-12 11:27:13","2023-10-12 11:27:13",""),
("231","14","19","12 PPLG","","0","0","2023-10-12 11:27:13","2023-10-12 11:27:13",""),
("232","15","19","12 PPLG","","0","0","2023-10-12 11:27:13","2023-10-12 11:27:13",""),
("233","16","19","12 PPLG","","0","1662000","2023-10-12 11:27:14","2023-10-12 11:27:14",""),
("234","17","19","12 PPLG","","0","0","2023-10-12 11:27:14","2023-10-12 11:27:14","");

CREATE TABLE `user` (
  `id_user` int(10) NOT NULL AUTO_INCREMENT,
  `nama` varchar(200) NOT NULL,
  `username` varchar(200) NOT NULL,
  `password` varchar(200) NOT NULL,
  `hak_akses` int(1) NOT NULL,
  `dibuat_pada` datetime NOT NULL DEFAULT current_timestamp(),
  `diubah_pada` datetime NOT NULL DEFAULT current_timestamp(),
  `dihapus_pada` datetime DEFAULT NULL,
  PRIMARY KEY (`id_user`)
) ENGINE=InnoDB AUTO_INCREMENT=3 DEFAULT CHARSET=utf8mb4;

INSERT INTO user VALUES
("1","NI PUTU NIA PRADNYA OKTAVIANI","niapradnya","oktaviani","1","2023-08-24 09:18:53","2023-08-24 09:18:53","");